row_index,split
0,fit
2,fit
3,fit
4,fit
6,fit
8,fit
10,fit
12,fit
13,fit
14,fit
22,fit
25,fit
26,fit
29,fit
30,fit
31,fit
32,fit
33,fit
35,fit
36,fit
37,fit
40,fit
42,fit
43,fit
45,fit
47,fit
48,fit
50,fit
51,fit
54,fit
55,fit
59,fit
61,fit
65,fit
66,fit
68,fit
69,fit
71,fit
72,fit
75,fit
80,fit
81,fit
82,fit
83,fit
84,fit
85,fit
88,fit
90,fit
93,fit
96,fit
103,fit
106,fit
107,fit
108,fit
111,fit
112,fit
114,fit
115,fit
116,fit
117,fit
118,fit
119,fit
121,fit
125,fit
126,fit
127,fit
128,fit
130,fit
133,fit
134,fit
135,fit
137,fit
138,fit
139,fit
141,fit
142,fit
143,fit
144,fit
145,fit
149,fit
150,fit
152,fit
153,fit
154,fit
155,fit
157,fit
158,fit
160,fit
161,fit
162,fit
164,fit
165,fit
167,fit
168,fit
172,fit
173,fit
177,fit
179,fit
180,fit
181,fit
184,fit
185,fit
188,fit
189,fit
193,fit
194,fit
195,fit
196,fit
197,fit
198,fit
199,fit
201,fit
202,fit
203,fit
204,fit
205,fit
209,fit
211,fit
212,fit
215,fit
218,fit
220,fit
221,fit
222,fit
223,fit
224,fit
225,fit
228,fit
230,fit
231,fit
232,fit
234,fit
235,fit
236,fit
237,fit
239,fit
241,fit
242,fit
246,fit
249,fit
250,fit
254,fit
255,fit
256,fit
257,fit
259,fit
261,fit
262,fit
264,fit
265,fit
266,fit
267,fit
273,fit
274,fit
275,fit
277,fit
280,fit
283,fit
285,fit
288,fit
290,fit
291,fit
296,fit
298,fit
299,fit
300,fit
303,fit
305,fit
306,fit
307,fit
308,fit
312,fit
313,fit
314,fit
315,fit
317,fit
319,fit
321,fit
322,fit
323,fit
324,fit
325,fit
328,fit
329,fit
330,fit
332,fit
336,fit
340,fit
341,fit
343,fit
344,fit
345,fit
346,fit
347,fit
348,fit
349,fit
351,fit
352,fit
353,fit
354,fit
355,fit
356,fit
357,fit
358,fit
363,fit
365,fit
367,fit
369,fit
370,fit
371,fit
372,fit
374,fit
378,fit
380,fit
381,fit
382,fit
384,fit
385,fit
386,fit
388,fit
391,fit
393,fit
395,fit
397,fit
398,fit
399,fit
400,fit
401,fit
405,fit
406,fit
407,fit
408,fit
409,fit
411,fit
412,fit
413,fit
415,fit
418,fit
419,fit
420,fit
421,fit
422,fit
423,fit
424,fit
425,fit
426,fit
430,fit
432,fit
433,fit
436,fit
438,fit
441,fit
442,fit
443,fit
445,fit
446,fit
447,fit
449,fit
454,fit
455,fit
456,fit
457,fit
458,fit
460,fit
462,fit
463,fit
464,fit
465,fit
468,fit
471,fit
472,fit
476,fit
478,fit
479,fit
483,fit
486,fit
488,fit
491,fit
494,fit
495,fit
496,fit
498,fit
499,fit
501,fit
502,fit
503,fit
504,fit
507,fit
508,fit
509,fit
510,fit
512,fit
513,fit
514,fit
515,fit
518,fit
519,fit
520,fit
522,fit
524,fit
525,fit
526,fit
528,fit
529,fit
532,fit
534,fit
535,fit
536,fit
537,fit
538,fit
542,fit
543,fit
545,fit
548,fit
550,fit
551,fit
552,fit
554,fit
556,fit
557,fit
559,fit
561,fit
562,fit
564,fit
565,fit
568,fit
570,fit
574,fit
575,fit
576,fit
577,fit
578,fit
579,fit
580,fit
582,fit
583,fit
584,fit
585,fit
586,fit
587,fit
591,fit
594,fit
595,fit
596,fit
598,fit
601,fit
602,fit
603,fit
604,fit
606,fit
607,fit
609,fit
610,fit
611,fit
612,fit
614,fit
616,fit
619,fit
620,fit
621,fit
622,fit
623,fit
625,fit
629,fit
630,fit
631,fit
634,fit
635,fit
638,fit
639,fit
641,fit
642,fit
645,fit
648,fit
649,fit
650,fit
651,fit
653,fit
654,fit
658,fit
660,fit
661,fit
662,fit
663,fit
666,fit
667,fit
668,fit
670,fit
671,fit
672,fit
673,fit
675,fit
676,fit
677,fit
679,fit
680,fit
684,fit
685,fit
689,fit
694,fit
695,fit
696,fit
697,fit
698,fit
700,fit
702,fit
703,fit
704,fit
705,fit
706,fit
710,fit
715,fit
716,fit
717,fit
721,fit
725,fit
726,fit
727,fit
728,fit
729,fit
732,fit
734,fit
739,fit
740,fit
741,fit
742,fit
743,fit
746,fit
748,fit
749,fit
750,fit
751,fit
753,fit
754,fit
755,fit
757,fit
758,fit
760,fit
762,fit
763,fit
764,fit
768,fit
771,fit
772,fit
773,fit
774,fit
775,fit
778,fit
779,fit
780,fit
781,fit
783,fit
784,fit
786,fit
789,fit
790,fit
792,fit
794,fit
796,fit
797,fit
799,fit
800,fit
802,fit
804,fit
805,fit
806,fit
808,fit
816,fit
817,fit
818,fit
819,fit
820,fit
821,fit
822,fit
823,fit
826,fit
827,fit
830,fit
831,fit
832,fit
834,fit
836,fit
837,fit
839,fit
840,fit
841,fit
842,fit
845,fit
849,fit
852,fit
853,fit
854,fit
855,fit
858,fit
859,fit
860,fit
865,fit
866,fit
867,fit
868,fit
870,fit
871,fit
872,fit
873,fit
875,fit
876,fit
878,fit
879,fit
880,fit
881,fit
883,fit
884,fit
885,fit
886,fit
887,fit
888,fit
889,fit
890,fit
894,fit
895,fit
898,fit
899,fit
900,fit
901,fit
905,fit
908,fit
909,fit
911,fit
915,fit
916,fit
917,fit
919,fit
921,fit
922,fit
923,fit
924,fit
925,fit
926,fit
928,fit
929,fit
930,fit
931,fit
936,fit
937,fit
939,fit
940,fit
941,fit
942,fit
943,fit
945,fit
946,fit
947,fit
948,fit
949,fit
950,fit
951,fit
952,fit
953,fit
954,fit
955,fit
957,fit
960,fit
961,fit
965,fit
967,fit
970,fit
971,fit
974,fit
975,fit
978,fit
980,fit
982,fit
984,fit
988,fit
989,fit
990,fit
991,fit
992,fit
993,fit
994,fit
996,fit
997,fit
1001,fit
1002,fit
1003,fit
1006,fit
1011,fit
1012,fit
1013,fit
1014,fit
1016,fit
1017,fit
1018,fit
1019,fit
1022,fit
1023,fit
1024,fit
1025,fit
1026,fit
1027,fit
1028,fit
1029,fit
1033,fit
1036,fit
1040,fit
1041,fit
1042,fit
1043,fit
1044,fit
1045,fit
1047,fit
1048,fit
1049,fit
1050,fit
1051,fit
1052,fit
1053,fit
1054,fit
1055,fit
1056,fit
1057,fit
1060,fit
1062,fit
1063,fit
1064,fit
1066,fit
1070,fit
1071,fit
1073,fit
1074,fit
1075,fit
1076,fit
1077,fit
1078,fit
1079,fit
1081,fit
1083,fit
1084,fit
1086,fit
1089,fit
1091,fit
1092,fit
1093,fit
1097,fit
1102,fit
1103,fit
1104,fit
1105,fit
1108,fit
1110,fit
1112,fit
1113,fit
1114,fit
1115,fit
1116,fit
1117,fit
1120,fit
1123,fit
1124,fit
1126,fit
1129,fit
1131,fit
1133,fit
1135,fit
1136,fit
1137,fit
1138,fit
1140,fit
1141,fit
1142,fit
1143,fit
1144,fit
1145,fit
1146,fit
1149,fit
1150,fit
1151,fit
1152,fit
1153,fit
1155,fit
1157,fit
1158,fit
1164,fit
1165,fit
1166,fit
1169,fit
1170,fit
1171,fit
1172,fit
1173,fit
1180,fit
1181,fit
1183,fit
1187,fit
1188,fit
1190,fit
1191,fit
1192,fit
1193,fit
1194,fit
1196,fit
1197,fit
1198,fit
1200,fit
1202,fit
1203,fit
1204,fit
1205,fit
1208,fit
1211,fit
1213,fit
1214,fit
1215,fit
1216,fit
1217,fit
1219,fit
1221,fit
1222,fit
1224,fit
1225,fit
1226,fit
1229,fit
1230,fit
1231,fit
1239,fit
1240,fit
1241,fit
1242,fit
1243,fit
1245,fit
1246,fit
1247,fit
1251,fit
1254,fit
1256,fit
1257,fit
1259,fit
1261,fit
1262,fit
1263,fit
1264,fit
1265,fit
1267,fit
1268,fit
1272,fit
1275,fit
1276,fit
1278,fit
1280,fit
1283,fit
1287,fit
1288,fit
1289,fit
1293,fit
1294,fit
1297,fit
1298,fit
1299,fit
1300,fit
1301,fit
1302,fit
1304,fit
1305,fit
1306,fit
1307,fit
1308,fit
1310,fit
1312,fit
1313,fit
1314,fit
1317,fit
1319,fit
1323,fit
1324,fit
1326,fit
1327,fit
1329,fit
1330,fit
1333,fit
1335,fit
1336,fit
1337,fit
1338,fit
1339,fit
1340,fit
1344,fit
1345,fit
1346,fit
1347,fit
1348,fit
1349,fit
1352,fit
1356,fit
1358,fit
1359,fit
1360,fit
1361,fit
1363,fit
1365,fit
1366,fit
1368,fit
1369,fit
1371,fit
1373,fit
1375,fit
1376,fit
1377,fit
1378,fit
1381,fit
1383,fit
1384,fit
1385,fit
1386,fit
1389,fit
1390,fit
1391,fit
1392,fit
1393,fit
1394,fit
1396,fit
1397,fit
1398,fit
1399,fit
1400,fit
1401,fit
1403,fit
1406,fit
1408,fit
1410,fit
1412,fit
1413,fit
1417,fit
1418,fit
1419,fit
1421,fit
1423,fit
1425,fit
1427,fit
1429,fit
1432,fit
1433,fit
1437,fit
1439,fit
1440,fit
1442,fit
1444,fit
1446,fit
1447,fit
1448,fit
1452,fit
1453,fit
1456,fit
1457,fit
1458,fit
1459,fit
1462,fit
1463,fit
1465,fit
1466,fit
1470,fit
1474,fit
1475,fit
1477,fit
1480,fit
1484,fit
1485,fit
1487,fit
1488,fit
1489,fit
1490,fit
1491,fit
1492,fit
1493,fit
1495,fit
1496,fit
1497,fit
1498,fit
1499,fit
1500,fit
1502,fit
1504,fit
1506,fit
1508,fit
1510,fit
1511,fit
1514,fit
1516,fit
1517,fit
1518,fit
1519,fit
1520,fit
1521,fit
1523,fit
1525,fit
1526,fit
1527,fit
1528,fit
1529,fit
1530,fit
1533,fit
1534,fit
1535,fit
1536,fit
1537,fit
1538,fit
1539,fit
1542,fit
1543,fit
1545,fit
1547,fit
1548,fit
1549,fit
1550,fit
1554,fit
1555,fit
1556,fit
1558,fit
1562,fit
1563,fit
1567,fit
1569,fit
1570,fit
1572,fit
1573,fit
1575,fit
1577,fit
1579,fit
1580,fit
1581,fit
1582,fit
1583,fit
1584,fit
1588,fit
1589,fit
1592,fit
1593,fit
1596,fit
1597,fit
1598,fit
1599,fit
1602,fit
1604,fit
1605,fit
1606,fit
1609,fit
1611,fit
1612,fit
1613,fit
1614,fit
1615,fit
1616,fit
1617,fit
1620,fit
1622,fit
1624,fit
1625,fit
1628,fit
1630,fit
1631,fit
1634,fit
1636,fit
1638,fit
1639,fit
1640,fit
1641,fit
1643,fit
1644,fit
1648,fit
1652,fit
1653,fit
1654,fit
1656,fit
1660,fit
1661,fit
1663,fit
1664,fit
1665,fit
1666,fit
1667,fit
1668,fit
1669,fit
1670,fit
1673,fit
1676,fit
1677,fit
1678,fit
1679,fit
1682,fit
1683,fit
1684,fit
1685,fit
1687,fit
1688,fit
1689,fit
1690,fit
1691,fit
1693,fit
1694,fit
1695,fit
1698,fit
1701,fit
1702,fit
1704,fit
1707,fit
1710,fit
1711,fit
1712,fit
1713,fit
1714,fit
1715,fit
1717,fit
1718,fit
1719,fit
1720,fit
1725,fit
1726,fit
1727,fit
1728,fit
1729,fit
1730,fit
1731,fit
1732,fit
1733,fit
1734,fit
1737,fit
1738,fit
1739,fit
1741,fit
1742,fit
1745,fit
1746,fit
1748,fit
1749,fit
1750,fit
1751,fit
1756,fit
1757,fit
1759,fit
1760,fit
1761,fit
1762,fit
1764,fit
1765,fit
1766,fit
1767,fit
1768,fit
1769,fit
1771,fit
1772,fit
1773,fit
1775,fit
1780,fit
1782,fit
1785,fit
1787,fit
1789,fit
1791,fit
1792,fit
1793,fit
1794,fit
1796,fit
1797,fit
1801,fit
1802,fit
1804,fit
1806,fit
1808,fit
1810,fit
1813,fit
1816,fit
1817,fit
1818,fit
1819,fit
1820,fit
1821,fit
1823,fit
1824,fit
1826,fit
1827,fit
1828,fit
1829,fit
1830,fit
1831,fit
1832,fit
1833,fit
1834,fit
1835,fit
1839,fit
1840,fit
1842,fit
1843,fit
1845,fit
1847,fit
1850,fit
1851,fit
1853,fit
1854,fit
1856,fit
1857,fit
1858,fit
1859,fit
1863,fit
1864,fit
1865,fit
1868,fit
1869,fit
1870,fit
1871,fit
1875,fit
1877,fit
1878,fit
1879,fit
1880,fit
1882,fit
1884,fit
1885,fit
1886,fit
1887,fit
1888,fit
1890,fit
1891,fit
1892,fit
1893,fit
1896,fit
1897,fit
1898,fit
1902,fit
1903,fit
1906,fit
1908,fit
1911,fit
1913,fit
1914,fit
1915,fit
1916,fit
1917,fit
1920,fit
1925,fit
1927,fit
1928,fit
1930,fit
1931,fit
1932,fit
1933,fit
1935,fit
1937,fit
1938,fit
1939,fit
1940,fit
1942,fit
1943,fit
1944,fit
1945,fit
1946,fit
1947,fit
1948,fit
1949,fit
1951,fit
1952,fit
1953,fit
1955,fit
1956,fit
1957,fit
1958,fit
1960,fit
1962,fit
1964,fit
1965,fit
1967,fit
1969,fit
1971,fit
1972,fit
1973,fit
1979,fit
1982,fit
1983,fit
1984,fit
1985,fit
1987,fit
1988,fit
1989,fit
1990,fit
1991,fit
1992,fit
1994,fit
1996,fit
1997,fit
2000,fit
2001,fit
2002,fit
2003,fit
2004,fit
2005,fit
2007,fit
2008,fit
2011,fit
2013,fit
2014,fit
2020,fit
2021,fit
2022,fit
2023,fit
2024,fit
2025,fit
2026,fit
2029,fit
2031,fit
2032,fit
2036,fit
2038,fit
2041,fit
2042,fit
2051,fit
2052,fit
2055,fit
2056,fit
2058,fit
2059,fit
2060,fit
2061,fit
2066,fit
2068,fit
2069,fit
2071,fit
2072,fit
2073,fit
2076,fit
2080,fit
2081,fit
2083,fit
2084,fit
2085,fit
2086,fit
2087,fit
2089,fit
2092,fit
2093,fit
2094,fit
2098,fit
2099,fit
2100,fit
2102,fit
2103,fit
2106,fit
2107,fit
2109,fit
2110,fit
2111,fit
2112,fit
2113,fit
2117,fit
2120,fit
2121,fit
2123,fit
2124,fit
2125,fit
2126,fit
2128,fit
2129,fit
2131,fit
2132,fit
2133,fit
2134,fit
2135,fit
2136,fit
2137,fit
2140,fit
2141,fit
2143,fit
2148,fit
2149,fit
2150,fit
2152,fit
2154,fit
2156,fit
2158,fit
2159,fit
2160,fit
2161,fit
2165,fit
2166,fit
2169,fit
2171,fit
2174,fit
2175,fit
2176,fit
2177,fit
2178,fit
2179,fit
2180,fit
2182,fit
2185,fit
2186,fit
2187,fit
2188,fit
2189,fit
2192,fit
2193,fit
2194,fit
2200,fit
2201,fit
2202,fit
2203,fit
2205,fit
2207,fit
2208,fit
2211,fit
2212,fit
2213,fit
2216,fit
2217,fit
2219,fit
2220,fit
2221,fit
2222,fit
2223,fit
2226,fit
2230,fit
2231,fit
2232,fit
2233,fit
2234,fit
2235,fit
2240,fit
2241,fit
2242,fit
2244,fit
2246,fit
2247,fit
2248,fit
2249,fit
2250,fit
2252,fit
2253,fit
2255,fit
2256,fit
2257,fit
2258,fit
2259,fit
2260,fit
2261,fit
2262,fit
2263,fit
2264,fit
2265,fit
2266,fit
2267,fit
2268,fit
2271,fit
2272,fit
2275,fit
2276,fit
2280,fit
2281,fit
2283,fit
2284,fit
2285,fit
2288,fit
2291,fit
2294,fit
2296,fit
2297,fit
2298,fit
2299,fit
2301,fit
2302,fit
2304,fit
2306,fit
2309,fit
2310,fit
2311,fit
2312,fit
2314,fit
2316,fit
2317,fit
2319,fit
2320,fit
2322,fit
2323,fit
2325,fit
2326,fit
2327,fit
2328,fit
2333,fit
2334,fit
2335,fit
2336,fit
2337,fit
2339,fit
2343,fit
2345,fit
2346,fit
2347,fit
2349,fit
2350,fit
2351,fit
2352,fit
2355,fit
2359,fit
2360,fit
2361,fit
2362,fit
2363,fit
2366,fit
2368,fit
2369,fit
2371,fit
2373,fit
2375,fit
2376,fit
2377,fit
2378,fit
2379,fit
2380,fit
2381,fit
2382,fit
2384,fit
2386,fit
2387,fit
2389,fit
2390,fit
2394,fit
2396,fit
2398,fit
2399,fit
2400,fit
2404,fit
2405,fit
2406,fit
2408,fit
2409,fit
2411,fit
2412,fit
2413,fit
2414,fit
2416,fit
2419,fit
2421,fit
2423,fit
2425,fit
2427,fit
2428,fit
2429,fit
2430,fit
2431,fit
2432,fit
2433,fit
2434,fit
2438,fit
2440,fit
2441,fit
2446,fit
2448,fit
2451,fit
2452,fit
2454,fit
2455,fit
2456,fit
2460,fit
2461,fit
2466,fit
2467,fit
2468,fit
2469,fit
2471,fit
2472,fit
2473,fit
2474,fit
2476,fit
2477,fit
2478,fit
2479,fit
2481,fit
2482,fit
2483,fit
2484,fit
2486,fit
2488,fit
2489,fit
2491,fit
2492,fit
2495,fit
2497,fit
2498,fit
2499,fit
2505,fit
2507,fit
2508,fit
2509,fit
2510,fit
2512,fit
2513,fit
2514,fit
2515,fit
2516,fit
2517,fit
2519,fit
2520,fit
2521,fit
2522,fit
2525,fit
2527,fit
2528,fit
2530,fit
2533,fit
2534,fit
2535,fit
2536,fit
2539,fit
2543,fit
2544,fit
2545,fit
2546,fit
2547,fit
2550,fit
2551,fit
2553,fit
2554,fit
2555,fit
2559,fit
2560,fit
2563,fit
2564,fit
2565,fit
2566,fit
2567,fit
2569,fit
2570,fit
2571,fit
2575,fit
2576,fit
2577,fit
2579,fit
2583,fit
2584,fit
2585,fit
2587,fit
2588,fit
2589,fit
2590,fit
2591,fit
2592,fit
2594,fit
2595,fit
2597,fit
2598,fit
2600,fit
2601,fit
2602,fit
2603,fit
2606,fit
2608,fit
2609,fit
2610,fit
2611,fit
2614,fit
2615,fit
2617,fit
2618,fit
2620,fit
2623,fit
2625,fit
2628,fit
2629,fit
2630,fit
2632,fit
2633,fit
2636,fit
2637,fit
2638,fit
2639,fit
2641,fit
2642,fit
2643,fit
2644,fit
2647,fit
2651,fit
2652,fit
2654,fit
2656,fit
2658,fit
2659,fit
2660,fit
2662,fit
2663,fit
2664,fit
2666,fit
2667,fit
2668,fit
2669,fit
2670,fit
2671,fit
2672,fit
2675,fit
2676,fit
2677,fit
2679,fit
2680,fit
2682,fit
2685,fit
2686,fit
2688,fit
2690,fit
2691,fit
2692,fit
2694,fit
2700,fit
2701,fit
2702,fit
2704,fit
2705,fit
2706,fit
2707,fit
2709,fit
2711,fit
2712,fit
2713,fit
2715,fit
2717,fit
2718,fit
2719,fit
2722,fit
2723,fit
2724,fit
2730,fit
2731,fit
2736,fit
2737,fit
2738,fit
2739,fit
2740,fit
2742,fit
2743,fit
2744,fit
2746,fit
2747,fit
2750,fit
2753,fit
2754,fit
2756,fit
2757,fit
2758,fit
2761,fit
2764,fit
2765,fit
2766,fit
2767,fit
2768,fit
2774,fit
2776,fit
2777,fit
2780,fit
2781,fit
2782,fit
2783,fit
2784,fit
2785,fit
2786,fit
2787,fit
2791,fit
2792,fit
2793,fit
2794,fit
2795,fit
2796,fit
2797,fit
2803,fit
2804,fit
2808,fit
2809,fit
2810,fit
2811,fit
2812,fit
2813,fit
2814,fit
2815,fit
2817,fit
2818,fit
2819,fit
2820,fit
2822,fit
2823,fit
2824,fit
2825,fit
2828,fit
2830,fit
2831,fit
2832,fit
2835,fit
2836,fit
2838,fit
2839,fit
2841,fit
2842,fit
2843,fit
2845,fit
2846,fit
2847,fit
2848,fit
2856,fit
2857,fit
2858,fit
2860,fit
2862,fit
2863,fit
2865,fit
2866,fit
2867,fit
2869,fit
2874,fit
2875,fit
2876,fit
2877,fit
2878,fit
2879,fit
2880,fit
2881,fit
2882,fit
2883,fit
2886,fit
2887,fit
2889,fit
2891,fit
2893,fit
2894,fit
2895,fit
2896,fit
2897,fit
2898,fit
2900,fit
2901,fit
2903,fit
2904,fit
2905,fit
2906,fit
2907,fit
2908,fit
2910,fit
2911,fit
2912,fit
2913,fit
2914,fit
2915,fit
2918,fit
2920,fit
2921,fit
2924,fit
2925,fit
2926,fit
2928,fit
2930,fit
2931,fit
2935,fit
2936,fit
2937,fit
2938,fit
2939,fit
2941,fit
2942,fit
2946,fit
2950,fit
2952,fit
2953,fit
2954,fit
2956,fit
2957,fit
2959,fit
2960,fit
2962,fit
2963,fit
2966,fit
2967,fit
2969,fit
2970,fit
2972,fit
2973,fit
2974,fit
2976,fit
2978,fit
2983,fit
2986,fit
2988,fit
2990,fit
2992,fit
2994,fit
2997,fit
2998,fit
2999,fit
3001,fit
3002,fit
3003,fit
3004,fit
3006,fit
3007,fit
3008,fit
3009,fit
3010,fit
3011,fit
3012,fit
3013,fit
3015,fit
3016,fit
3017,fit
3018,fit
3020,fit
3021,fit
3023,fit
3026,fit
3027,fit
3028,fit
3029,fit
3030,fit
3031,fit
3032,fit
3034,fit
3035,fit
3036,fit
3037,fit
3038,fit
3039,fit
3041,fit
3042,fit
3043,fit
3046,fit
3048,fit
3049,fit
3051,fit
3054,fit
3056,fit
3057,fit
3058,fit
3062,fit
3063,fit
3064,fit
3066,fit
3069,fit
3070,fit
3074,fit
3078,fit
3080,fit
3081,fit
3083,fit
3084,fit
3085,fit
3086,fit
3087,fit
3088,fit
3089,fit
3090,fit
3091,fit
3092,fit
3093,fit
3096,fit
3097,fit
3098,fit
3099,fit
3100,fit
3101,fit
3102,fit
3103,fit
3104,fit
3105,fit
3106,fit
3108,fit
3109,fit
3111,fit
3114,fit
3117,fit
3119,fit
3120,fit
3123,fit
3124,fit
3125,fit
3127,fit
3128,fit
3129,fit
3130,fit
3132,fit
3133,fit
3134,fit
3135,fit
3136,fit
3138,fit
3139,fit
3140,fit
3141,fit
3145,fit
3147,fit
3148,fit
3149,fit
3151,fit
3154,fit
3155,fit
3156,fit
3158,fit
3159,fit
3160,fit
3161,fit
3162,fit
3163,fit
3165,fit
3166,fit
3167,fit
3168,fit
3169,fit
3172,fit
3173,fit
3174,fit
3175,fit
3176,fit
3177,fit
3179,fit
3180,fit
3182,fit
3184,fit
3186,fit
3188,fit
3192,fit
3193,fit
3194,fit
3195,fit
3200,fit
3202,fit
3203,fit
3206,fit
3207,fit
3209,fit
3210,fit
3211,fit
3212,fit
3214,fit
3216,fit
3217,fit
3219,fit
3221,fit
3224,fit
3225,fit
3226,fit
3227,fit
3228,fit
3229,fit
3232,fit
3233,fit
3234,fit
3236,fit
3237,fit
3240,fit
3243,fit
3244,fit
3246,fit
3247,fit
3248,fit
3250,fit
3251,fit
3252,fit
3253,fit
3255,fit
3256,fit
3257,fit
3259,fit
3260,fit
3261,fit
3262,fit
3263,fit
3266,fit
3267,fit
3268,fit
3269,fit
3272,fit
3273,fit
3274,fit
3276,fit
3281,fit
3282,fit
3283,fit
3285,fit
3287,fit
3288,fit
3289,fit
3290,fit
3292,fit
3293,fit
3294,fit
3295,fit
3296,fit
3297,fit
3298,fit
3299,fit
3301,fit
3303,fit
3304,fit
3305,fit
3306,fit
3307,fit
3308,fit
3311,fit
3312,fit
3313,fit
3314,fit
3315,fit
3317,fit
3318,fit
3322,fit
3323,fit
3325,fit
3326,fit
3329,fit
3330,fit
3332,fit
3333,fit
3334,fit
3335,fit
3340,fit
3342,fit
3343,fit
3346,fit
3347,fit
3348,fit
3349,fit
3351,fit
3354,fit
3355,fit
3357,fit
3359,fit
3362,fit
3363,fit
3364,fit
3366,fit
3368,fit
3369,fit
3371,fit
3374,fit
3375,fit
3377,fit
3378,fit
3380,fit
3382,fit
3384,fit
3386,fit
3388,fit
3390,fit
3393,fit
3394,fit
3395,fit
3397,fit
3399,fit
3401,fit
3403,fit
3405,fit
3406,fit
3407,fit
3412,fit
3416,fit
3417,fit
3418,fit
3419,fit
3421,fit
3426,fit
3431,fit
3433,fit
3434,fit
3435,fit
3436,fit
3437,fit
3441,fit
3442,fit
3444,fit
3445,fit
3446,fit
3448,fit
3449,fit
3450,fit
3451,fit
3455,fit
3456,fit
3459,fit
3461,fit
3462,fit
3463,fit
3466,fit
3467,fit
3469,fit
3471,fit
3473,fit
3475,fit
3476,fit
3477,fit
3480,fit
3481,fit
3482,fit
3483,fit
3484,fit
3485,fit
3486,fit
3487,fit
3489,fit
3491,fit
3494,fit
3497,fit
3498,fit
3501,fit
3502,fit
3504,fit
3505,fit
3506,fit
3510,fit
3513,fit
3514,fit
3516,fit
3517,fit
3518,fit
3519,fit
3520,fit
3521,fit
3523,fit
3524,fit
3525,fit
3526,fit
3528,fit
3529,fit
3530,fit
3531,fit
3533,fit
3534,fit
3535,fit
3536,fit
3537,fit
3540,fit
3542,fit
3544,fit
3545,fit
3547,fit
3548,fit
3549,fit
3551,fit
3552,fit
3553,fit
3554,fit
3555,fit
3556,fit
3557,fit
3559,fit
3561,fit
3563,fit
3568,fit
3569,fit
3570,fit
3571,fit
3574,fit
3575,fit
3576,fit
3577,fit
3578,fit
3582,fit
3583,fit
3584,fit
3587,fit
3588,fit
3590,fit
3592,fit
3594,fit
3595,fit
3598,fit
3599,fit
3600,fit
3601,fit
3604,fit
3605,fit
3608,fit
3609,fit
3610,fit
3611,fit
3612,fit
3614,fit
3616,fit
3617,fit
3618,fit
3619,fit
3620,fit
3621,fit
3624,fit
3625,fit
3626,fit
3627,fit
3628,fit
3629,fit
3630,fit
3633,fit
3634,fit
3635,fit
3636,fit
3638,fit
3641,fit
3642,fit
3643,fit
3645,fit
3649,fit
3651,fit
3654,fit
3655,fit
3656,fit
3658,fit
3659,fit
3661,fit
3662,fit
3663,fit
3664,fit
3665,fit
3666,fit
3667,fit
3668,fit
3669,fit
3671,fit
3672,fit
3674,fit
3675,fit
3676,fit
3677,fit
3679,fit
3680,fit
3681,fit
3682,fit
3685,fit
3688,fit
3689,fit
3691,fit
3694,fit
3695,fit
3696,fit
3697,fit
3698,fit
3699,fit
3701,fit
3702,fit
3703,fit
3704,fit
3707,fit
3709,fit
3710,fit
3711,fit
3713,fit
3714,fit
3716,fit
3717,fit
3720,fit
3721,fit
3722,fit
3723,fit
3725,fit
3726,fit
3727,fit
3730,fit
3733,fit
3735,fit
3738,fit
3739,fit
3740,fit
3741,fit
3742,fit
3744,fit
3745,fit
3747,fit
3748,fit
3749,fit
3750,fit
3752,fit
3753,fit
3755,fit
3758,fit
3760,fit
3764,fit
3766,fit
3767,fit
3769,fit
3771,fit
3774,fit
3777,fit
3779,fit
3782,fit
3783,fit
3785,fit
3787,fit
3788,fit
3789,fit
3790,fit
3792,fit
3793,fit
3794,fit
3795,fit
3796,fit
3797,fit
3798,fit
3800,fit
3801,fit
3806,fit
3807,fit
3808,fit
3809,fit
3811,fit
3813,fit
3814,fit
3815,fit
3816,fit
3817,fit
3819,fit
3820,fit
3822,fit
3824,fit
3825,fit
3827,fit
3828,fit
3829,fit
3830,fit
3831,fit
3836,fit
3837,fit
3838,fit
3839,fit
3840,fit
3842,fit
3843,fit
3844,fit
3845,fit
3847,fit
3848,fit
3853,fit
3854,fit
3855,fit
3856,fit
3858,fit
3860,fit
3861,fit
3862,fit
3865,fit
3867,fit
3869,fit
3870,fit
3871,fit
3875,fit
3876,fit
3877,fit
3883,fit
3885,fit
3887,fit
3888,fit
3889,fit
3892,fit
3893,fit
3895,fit
3897,fit
3899,fit
3900,fit
3902,fit
3904,fit
3907,fit
3908,fit
3909,fit
3911,fit
3912,fit
3913,fit
3915,fit
3916,fit
3918,fit
3923,fit
3925,fit
3927,fit
3930,fit
3931,fit
3932,fit
3934,fit
3935,fit
3936,fit
3937,fit
3939,fit
3941,fit
3945,fit
3948,fit
3950,fit
3951,fit
3953,fit
3958,fit
3960,fit
3961,fit
3964,fit
3966,fit
3967,fit
3972,fit
3973,fit
3974,fit
3975,fit
3976,fit
3978,fit
3980,fit
3983,fit
3985,fit
3986,fit
3991,fit
3995,fit
3996,fit
3997,fit
3998,fit
3999,fit
4000,fit
4002,fit
4003,fit
4004,fit
4005,fit
4007,fit
4008,fit
4010,fit
4011,fit
4012,fit
4013,fit
4014,fit
4019,fit
4020,fit
4022,fit
4023,fit
4024,fit
4025,fit
4026,fit
4028,fit
4030,fit
4032,fit
4033,fit
4036,fit
4038,fit
4040,fit
4044,fit
4045,fit
4047,fit
4048,fit
4050,fit
4051,fit
4052,fit
4053,fit
4055,fit
4056,fit
4059,fit
4060,fit
4061,fit
4064,fit
4065,fit
4067,fit
4069,fit
4070,fit
4071,fit
4072,fit
4075,fit
4076,fit
4077,fit
4079,fit
4080,fit
4081,fit
4082,fit
4083,fit
4085,fit
4088,fit
4089,fit
4090,fit
4092,fit
4093,fit
4094,fit
4095,fit
4096,fit
4105,fit
4107,fit
4109,fit
4110,fit
4111,fit
4114,fit
4115,fit
4116,fit
4117,fit
4119,fit
4126,fit
4127,fit
4128,fit
4129,fit
4130,fit
4131,fit
4132,fit
4133,fit
4134,fit
4137,fit
4138,fit
4139,fit
4140,fit
4141,fit
4142,fit
4146,fit
4149,fit
4154,fit
4155,fit
4156,fit
4159,fit
4162,fit
4165,fit
4166,fit
4167,fit
4168,fit
4169,fit
4171,fit
4173,fit
4174,fit
4178,fit
4180,fit
4181,fit
4183,fit
4186,fit
4188,fit
4191,fit
4193,fit
4197,fit
4198,fit
4199,fit
4201,fit
4202,fit
4205,fit
4206,fit
4208,fit
4209,fit
4210,fit
4212,fit
4213,fit
4216,fit
4218,fit
4219,fit
4220,fit
4221,fit
4223,fit
4224,fit
4225,fit
4226,fit
4227,fit
4228,fit
4229,fit
4233,fit
4235,fit
4236,fit
4237,fit
4239,fit
4240,fit
4241,fit
4242,fit
4244,fit
4245,fit
4248,fit
4250,fit
4251,fit
4252,fit
4257,fit
4260,fit
4261,fit
4263,fit
4264,fit
4265,fit
4266,fit
4267,fit
4268,fit
4270,fit
4272,fit
4273,fit
4274,fit
4275,fit
4276,fit
4277,fit
4279,fit
4284,fit
4285,fit
4287,fit
4291,fit
4292,fit
4293,fit
4294,fit
4296,fit
4298,fit
4300,fit
4303,fit
4304,fit
4306,fit
4307,fit
4308,fit
4309,fit
4311,fit
4312,fit
4314,fit
4316,fit
4317,fit
4318,fit
4319,fit
4321,fit
4322,fit
4323,fit
4324,fit
4327,fit
4330,fit
4331,fit
4332,fit
4333,fit
4334,fit
4338,fit
4339,fit
4340,fit
4341,fit
4342,fit
4344,fit
4345,fit
4347,fit
4348,fit
4349,fit
4351,fit
4352,fit
4353,fit
4354,fit
4358,fit
4359,fit
4361,fit
4363,fit
4366,fit
4367,fit
4368,fit
4369,fit
4375,fit
4378,fit
4379,fit
4380,fit
4381,fit
4382,fit
4383,fit
4384,fit
4385,fit
4388,fit
4389,fit
4390,fit
4391,fit
4392,fit
4394,fit
4395,fit
4396,fit
4397,fit
4399,fit
4402,fit
4403,fit
4404,fit
4405,fit
4406,fit
4407,fit
4408,fit
4410,fit
4411,fit
4412,fit
4413,fit
4414,fit
4415,fit
4416,fit
4417,fit
4419,fit
4420,fit
4421,fit
4422,fit
4423,fit
4424,fit
4425,fit
4427,fit
4428,fit
4431,fit
4432,fit
4433,fit
4435,fit
4437,fit
4439,fit
4443,fit
4444,fit
4445,fit
4446,fit
4447,fit
4448,fit
4449,fit
4450,fit
4451,fit
4452,fit
4455,fit
4457,fit
4459,fit
4461,fit
4464,fit
4465,fit
4466,fit
4467,fit
4468,fit
4473,fit
4474,fit
4475,fit
4478,fit
4480,fit
4483,fit
4484,fit
4485,fit
4487,fit
4490,fit
4491,fit
4494,fit
4495,fit
4496,fit
4498,fit
4500,fit
4502,fit
4503,fit
4504,fit
4505,fit
4506,fit
4507,fit
4508,fit
4512,fit
4513,fit
4514,fit
4515,fit
4519,fit
4520,fit
4523,fit
4526,fit
4527,fit
4530,fit
4531,fit
4532,fit
4533,fit
4534,fit
4537,fit
4538,fit
4543,fit
4544,fit
4545,fit
4548,fit
4549,fit
4551,fit
4552,fit
4553,fit
4557,fit
4558,fit
4559,fit
4561,fit
4562,fit
4563,fit
4564,fit
4565,fit
4566,fit
4567,fit
4568,fit
4573,fit
4574,fit
4575,fit
4576,fit
4577,fit
4578,fit
4579,fit
4581,fit
4583,fit
4586,fit
4587,fit
4588,fit
4589,fit
4590,fit
4592,fit
4594,fit
4595,fit
4596,fit
4597,fit
4603,fit
4606,fit
4607,fit
4608,fit
4611,fit
4612,fit
4613,fit
4614,fit
4615,fit
4616,fit
4617,fit
4620,fit
4621,fit
4628,fit
4629,fit
4630,fit
4631,fit
4636,fit
4638,fit
4639,fit
4640,fit
4643,fit
4644,fit
4645,fit
4646,fit
4647,fit
4648,fit
4651,fit
4652,fit
4656,fit
4659,fit
4662,fit
4664,fit
4669,fit
4670,fit
4671,fit
4674,fit
4675,fit
4676,fit
4681,fit
4682,fit
4683,fit
4686,fit
4687,fit
4691,fit
4693,fit
4696,fit
4697,fit
4698,fit
4700,fit
4701,fit
4703,fit
4704,fit
4707,fit
4709,fit
4710,fit
4714,fit
4715,fit
4719,fit
4720,fit
4724,fit
4725,fit
4728,fit
4731,fit
4732,fit
4734,fit
4737,fit
4738,fit
4740,fit
4741,fit
4742,fit
4743,fit
4744,fit
4745,fit
4746,fit
4747,fit
4748,fit
4749,fit
4750,fit
4751,fit
4754,fit
4755,fit
4761,fit
4763,fit
4764,fit
4765,fit
4766,fit
4767,fit
4768,fit
4769,fit
4772,fit
4774,fit
4776,fit
4777,fit
4779,fit
4781,fit
4783,fit
4785,fit
4786,fit
4787,fit
4788,fit
4789,fit
4791,fit
4793,fit
4794,fit
4795,fit
4797,fit
4798,fit
4799,fit
4802,fit
4803,fit
4804,fit
4805,fit
4806,fit
4808,fit
4810,fit
4811,fit
4812,fit
4813,fit
4815,fit
4820,fit
4821,fit
4822,fit
4824,fit
4825,fit
4827,fit
4829,fit
4831,fit
4832,fit
4833,fit
4834,fit
4835,fit
4836,fit
4837,fit
4839,fit
4840,fit
4843,fit
4844,fit
4846,fit
4848,fit
4849,fit
4850,fit
4852,fit
4853,fit
4854,fit
4855,fit
4858,fit
4859,fit
4864,fit
4865,fit
4868,fit
4872,fit
4873,fit
4878,fit
4879,fit
4880,fit
4883,fit
4885,fit
4886,fit
4887,fit
4890,fit
4891,fit
4892,fit
4895,fit
4896,fit
4897,fit
4898,fit
4899,fit
4900,fit
4901,fit
4902,fit
4903,fit
4904,fit
4905,fit
4906,fit
4907,fit
4908,fit
4909,fit
4910,fit
4914,fit
4915,fit
4916,fit
4917,fit
4918,fit
4919,fit
4920,fit
4922,fit
4923,fit
4924,fit
4928,fit
5,calibration
7,calibration
15,calibration
16,calibration
19,calibration
23,calibration
27,calibration
34,calibration
38,calibration
41,calibration
52,calibration
53,calibration
56,calibration
57,calibration
58,calibration
62,calibration
63,calibration
70,calibration
77,calibration
78,calibration
86,calibration
89,calibration
97,calibration
99,calibration
101,calibration
102,calibration
104,calibration
110,calibration
113,calibration
120,calibration
123,calibration
124,calibration
132,calibration
146,calibration
147,calibration
148,calibration
151,calibration
166,calibration
169,calibration
183,calibration
186,calibration
190,calibration
191,calibration
192,calibration
200,calibration
206,calibration
207,calibration
210,calibration
213,calibration
214,calibration
217,calibration
219,calibration
227,calibration
243,calibration
245,calibration
248,calibration
252,calibration
253,calibration
258,calibration
260,calibration
263,calibration
268,calibration
269,calibration
272,calibration
281,calibration
284,calibration
286,calibration
289,calibration
292,calibration
293,calibration
295,calibration
297,calibration
301,calibration
302,calibration
304,calibration
309,calibration
310,calibration
311,calibration
316,calibration
318,calibration
320,calibration
326,calibration
331,calibration
333,calibration
335,calibration
338,calibration
339,calibration
361,calibration
362,calibration
366,calibration
368,calibration
373,calibration
376,calibration
389,calibration
402,calibration
416,calibration
431,calibration
448,calibration
453,calibration
459,calibration
461,calibration
469,calibration
473,calibration
475,calibration
490,calibration
493,calibration
516,calibration
517,calibration
521,calibration
527,calibration
530,calibration
531,calibration
533,calibration
539,calibration
541,calibration
546,calibration
549,calibration
567,calibration
569,calibration
571,calibration
573,calibration
588,calibration
589,calibration
593,calibration
599,calibration
600,calibration
605,calibration
608,calibration
615,calibration
617,calibration
626,calibration
627,calibration
628,calibration
632,calibration
636,calibration
640,calibration
643,calibration
644,calibration
646,calibration
652,calibration
655,calibration
656,calibration
659,calibration
664,calibration
665,calibration
669,calibration
674,calibration
681,calibration
683,calibration
687,calibration
692,calibration
693,calibration
699,calibration
708,calibration
709,calibration
711,calibration
714,calibration
718,calibration
719,calibration
722,calibration
724,calibration
731,calibration
733,calibration
736,calibration
737,calibration
745,calibration
761,calibration
765,calibration
769,calibration
776,calibration
777,calibration
782,calibration
791,calibration
793,calibration
795,calibration
801,calibration
803,calibration
809,calibration
810,calibration
811,calibration
812,calibration
813,calibration
814,calibration
824,calibration
829,calibration
833,calibration
846,calibration
847,calibration
848,calibration
851,calibration
856,calibration
862,calibration
863,calibration
864,calibration
869,calibration
877,calibration
882,calibration
892,calibration
893,calibration
896,calibration
902,calibration
903,calibration
910,calibration
912,calibration
918,calibration
920,calibration
933,calibration
935,calibration
938,calibration
956,calibration
958,calibration
959,calibration
962,calibration
963,calibration
964,calibration
968,calibration
969,calibration
977,calibration
979,calibration
983,calibration
985,calibration
986,calibration
999,calibration
1000,calibration
1007,calibration
1008,calibration
1015,calibration
1031,calibration
1034,calibration
1035,calibration
1038,calibration
1046,calibration
1058,calibration
1059,calibration
1072,calibration
1080,calibration
1087,calibration
1090,calibration
1095,calibration
1096,calibration
1099,calibration
1106,calibration
1111,calibration
1119,calibration
1121,calibration
1122,calibration
1127,calibration
1130,calibration
1147,calibration
1148,calibration
1154,calibration
1159,calibration
1160,calibration
1162,calibration
1163,calibration
1168,calibration
1174,calibration
1175,calibration
1177,calibration
1178,calibration
1179,calibration
1185,calibration
1199,calibration
1210,calibration
1223,calibration
1228,calibration
1233,calibration
1234,calibration
1237,calibration
1248,calibration
1253,calibration
1255,calibration
1258,calibration
1269,calibration
1270,calibration
1281,calibration
1284,calibration
1285,calibration
1286,calibration
1291,calibration
1292,calibration
1295,calibration
1296,calibration
1303,calibration
1309,calibration
1315,calibration
1316,calibration
1320,calibration
1325,calibration
1328,calibration
1331,calibration
1332,calibration
1343,calibration
1350,calibration
1351,calibration
1354,calibration
1357,calibration
1364,calibration
1374,calibration
1379,calibration
1382,calibration
1388,calibration
1395,calibration
1422,calibration
1424,calibration
1426,calibration
1428,calibration
1435,calibration
1436,calibration
1438,calibration
1443,calibration
1445,calibration
1449,calibration
1450,calibration
1454,calibration
1460,calibration
1461,calibration
1464,calibration
1467,calibration
1468,calibration
1471,calibration
1473,calibration
1482,calibration
1483,calibration
1501,calibration
1505,calibration
1507,calibration
1509,calibration
1515,calibration
1522,calibration
1531,calibration
1540,calibration
1541,calibration
1553,calibration
1559,calibration
1560,calibration
1561,calibration
1564,calibration
1565,calibration
1568,calibration
1578,calibration
1585,calibration
1586,calibration
1590,calibration
1591,calibration
1600,calibration
1608,calibration
1610,calibration
1618,calibration
1619,calibration
1621,calibration
1623,calibration
1626,calibration
1637,calibration
1645,calibration
1646,calibration
1647,calibration
1649,calibration
1650,calibration
1651,calibration
1657,calibration
1671,calibration
1674,calibration
1675,calibration
1680,calibration
1681,calibration
1686,calibration
1696,calibration
1697,calibration
1699,calibration
1700,calibration
1703,calibration
1705,calibration
1716,calibration
1722,calibration
1723,calibration
1724,calibration
1735,calibration
1736,calibration
1744,calibration
1763,calibration
1776,calibration
1779,calibration
1790,calibration
1800,calibration
1809,calibration
1811,calibration
1814,calibration
1822,calibration
1836,calibration
1848,calibration
1849,calibration
1852,calibration
1861,calibration
1867,calibration
1873,calibration
1876,calibration
1881,calibration
1894,calibration
1899,calibration
1900,calibration
1909,calibration
1910,calibration
1918,calibration
1919,calibration
1921,calibration
1922,calibration
1923,calibration
1924,calibration
1926,calibration
1929,calibration
1934,calibration
1950,calibration
1954,calibration
1961,calibration
1968,calibration
1975,calibration
1977,calibration
1978,calibration
1980,calibration
1981,calibration
1993,calibration
1999,calibration
2006,calibration
2009,calibration
2010,calibration
2017,calibration
2019,calibration
2028,calibration
2030,calibration
2033,calibration
2034,calibration
2039,calibration
2043,calibration
2045,calibration
2048,calibration
2054,calibration
2062,calibration
2063,calibration
2065,calibration
2067,calibration
2070,calibration
2075,calibration
2079,calibration
2082,calibration
2090,calibration
2095,calibration
2096,calibration
2097,calibration
2104,calibration
2105,calibration
2114,calibration
2115,calibration
2116,calibration
2145,calibration
2146,calibration
2153,calibration
2163,calibration
2170,calibration
2172,calibration
2173,calibration
2181,calibration
2183,calibration
2184,calibration
2197,calibration
2206,calibration
2209,calibration
2210,calibration
2214,calibration
2218,calibration
2225,calibration
2228,calibration
2229,calibration
2236,calibration
2238,calibration
2243,calibration
2245,calibration
2251,calibration
2270,calibration
2274,calibration
2286,calibration
2287,calibration
2290,calibration
2292,calibration
2295,calibration
2303,calibration
2308,calibration
2315,calibration
2321,calibration
2331,calibration
2332,calibration
2338,calibration
2340,calibration
2341,calibration
2342,calibration
2348,calibration
2356,calibration
2357,calibration
2358,calibration
2367,calibration
2370,calibration
2383,calibration
2388,calibration
2391,calibration
2395,calibration
2401,calibration
2402,calibration
2410,calibration
2415,calibration
2417,calibration
2420,calibration
2424,calibration
2426,calibration
2439,calibration
2442,calibration
2445,calibration
2457,calibration
2459,calibration
2480,calibration
2485,calibration
2487,calibration
2490,calibration
2494,calibration
2502,calibration
2506,calibration
2511,calibration
2523,calibration
2524,calibration
2529,calibration
2538,calibration
2542,calibration
2548,calibration
2549,calibration
2552,calibration
2556,calibration
2557,calibration
2558,calibration
2561,calibration
2562,calibration
2568,calibration
2572,calibration
2580,calibration
2581,calibration
2593,calibration
2599,calibration
2604,calibration
2605,calibration
2613,calibration
2622,calibration
2626,calibration
2631,calibration
2635,calibration
2646,calibration
2653,calibration
2655,calibration
2657,calibration
2673,calibration
2687,calibration
2689,calibration
2693,calibration
2695,calibration
2696,calibration
2697,calibration
2698,calibration
2699,calibration
2703,calibration
2710,calibration
2716,calibration
2720,calibration
2721,calibration
2726,calibration
2728,calibration
2729,calibration
2733,calibration
2759,calibration
2762,calibration
2763,calibration
2770,calibration
2771,calibration
2773,calibration
2775,calibration
2778,calibration
2788,calibration
2798,calibration
2800,calibration
2802,calibration
2821,calibration
2829,calibration
2833,calibration
2837,calibration
2849,calibration
2853,calibration
2855,calibration
2859,calibration
2861,calibration
2864,calibration
2872,calibration
2884,calibration
2890,calibration
2909,calibration
2919,calibration
2922,calibration
2923,calibration
2949,calibration
2951,calibration
2958,calibration
2961,calibration
2964,calibration
2975,calibration
2979,calibration
2981,calibration
2982,calibration
2987,calibration
2996,calibration
3005,calibration
3014,calibration
3022,calibration
3024,calibration
3045,calibration
3047,calibration
3052,calibration
3053,calibration
3055,calibration
3059,calibration
3060,calibration
3061,calibration
3067,calibration
3068,calibration
3076,calibration
3079,calibration
3107,calibration
3110,calibration
3113,calibration
3115,calibration
3116,calibration
3122,calibration
3137,calibration
3142,calibration
3144,calibration
3152,calibration
3153,calibration
3178,calibration
3181,calibration
3183,calibration
3185,calibration
3189,calibration
3190,calibration
3197,calibration
3198,calibration
3199,calibration
3201,calibration
3215,calibration
3222,calibration
3230,calibration
3231,calibration
3239,calibration
3242,calibration
3245,calibration
3258,calibration
3275,calibration
3279,calibration
3284,calibration
3302,calibration
3309,calibration
3316,calibration
3319,calibration
3321,calibration
3331,calibration
3336,calibration
3337,calibration
3341,calibration
3344,calibration
3345,calibration
3350,calibration
3353,calibration
3356,calibration
3365,calibration
3370,calibration
3376,calibration
3379,calibration
3381,calibration
3385,calibration
3389,calibration
3391,calibration
3396,calibration
3398,calibration
3400,calibration
3404,calibration
3409,calibration
3411,calibration
3415,calibration
3423,calibration
3424,calibration
3425,calibration
3427,calibration
3428,calibration
3430,calibration
3438,calibration
3443,calibration
3453,calibration
3457,calibration
3458,calibration
3464,calibration
3468,calibration
3472,calibration
3490,calibration
3493,calibration
3496,calibration
3499,calibration
3500,calibration
3503,calibration
3507,calibration
3512,calibration
3527,calibration
3541,calibration
3543,calibration
3546,calibration
3562,calibration
3572,calibration
3579,calibration
3580,calibration
3593,calibration
3603,calibration
3615,calibration
3623,calibration
3632,calibration
3644,calibration
3646,calibration
3647,calibration
3648,calibration
3650,calibration
3657,calibration
3683,calibration
3684,calibration
3692,calibration
3706,calibration
3708,calibration
3712,calibration
3718,calibration
3728,calibration
3731,calibration
3732,calibration
3737,calibration
3743,calibration
3746,calibration
3751,calibration
3754,calibration
3757,calibration
3761,calibration
3763,calibration
3765,calibration
3770,calibration
3772,calibration
3773,calibration
3775,calibration
3778,calibration
3780,calibration
3781,calibration
3786,calibration
3799,calibration
3802,calibration
3803,calibration
3805,calibration
3810,calibration
3812,calibration
3821,calibration
3826,calibration
3832,calibration
3833,calibration
3835,calibration
3841,calibration
3849,calibration
3851,calibration
3866,calibration
3873,calibration
3874,calibration
3878,calibration
3879,calibration
3880,calibration
3884,calibration
3890,calibration
3894,calibration
3896,calibration
3901,calibration
3903,calibration
3905,calibration
3910,calibration
3914,calibration
3917,calibration
3920,calibration
3922,calibration
3928,calibration
3943,calibration
3946,calibration
3949,calibration
3954,calibration
3957,calibration
3962,calibration
3963,calibration
3968,calibration
3969,calibration
3971,calibration
3977,calibration
3981,calibration
3984,calibration
3988,calibration
3989,calibration
3990,calibration
3994,calibration
4001,calibration
4009,calibration
4015,calibration
4016,calibration
4018,calibration
4029,calibration
4034,calibration
4037,calibration
4041,calibration
4042,calibration
4043,calibration
4046,calibration
4054,calibration
4057,calibration
4062,calibration
4063,calibration
4066,calibration
4068,calibration
4074,calibration
4078,calibration
4098,calibration
4099,calibration
4103,calibration
4104,calibration
4112,calibration
4120,calibration
4122,calibration
4123,calibration
4136,calibration
4147,calibration
4157,calibration
4158,calibration
4160,calibration
4164,calibration
4170,calibration
4177,calibration
4184,calibration
4185,calibration
4187,calibration
4190,calibration
4195,calibration
4196,calibration
4203,calibration
4204,calibration
4222,calibration
4230,calibration
4234,calibration
4247,calibration
4249,calibration
4253,calibration
4254,calibration
4255,calibration
4256,calibration
4259,calibration
4262,calibration
4280,calibration
4282,calibration
4283,calibration
4288,calibration
4289,calibration
4295,calibration
4301,calibration
4302,calibration
4305,calibration
4313,calibration
4325,calibration
4326,calibration
4329,calibration
4335,calibration
4336,calibration
4343,calibration
4346,calibration
4356,calibration
4357,calibration
4362,calibration
4364,calibration
4372,calibration
4373,calibration
4374,calibration
4386,calibration
4387,calibration
4393,calibration
4409,calibration
4429,calibration
4430,calibration
4436,calibration
4440,calibration
4442,calibration
4456,calibration
4458,calibration
4463,calibration
4469,calibration
4471,calibration
4472,calibration
4481,calibration
4482,calibration
4497,calibration
4499,calibration
4509,calibration
4518,calibration
4525,calibration
4528,calibration
4535,calibration
4554,calibration
4560,calibration
4569,calibration
4571,calibration
4572,calibration
4584,calibration
4591,calibration
4593,calibration
4598,calibration
4602,calibration
4605,calibration
4610,calibration
4623,calibration
4627,calibration
4633,calibration
4634,calibration
4637,calibration
4649,calibration
4650,calibration
4653,calibration
4654,calibration
4658,calibration
4661,calibration
4663,calibration
4665,calibration
4666,calibration
4667,calibration
4673,calibration
4677,calibration
4685,calibration
4694,calibration
4705,calibration
4706,calibration
4712,calibration
4721,calibration
4723,calibration
4726,calibration
4733,calibration
4736,calibration
4756,calibration
4757,calibration
4759,calibration
4760,calibration
4762,calibration
4771,calibration
4778,calibration
4784,calibration
4792,calibration
4796,calibration
4801,calibration
4809,calibration
4816,calibration
4817,calibration
4819,calibration
4823,calibration
4828,calibration
4830,calibration
4847,calibration
4851,calibration
4857,calibration
4860,calibration
4861,calibration
4862,calibration
4867,calibration
4876,calibration
4881,calibration
4882,calibration
4884,calibration
4888,calibration
4889,calibration
4893,calibration
4894,calibration
4911,calibration
4929,calibration
1,test
9,test
11,test
17,test
18,test
20,test
21,test
24,test
28,test
39,test
44,test
46,test
49,test
60,test
64,test
67,test
73,test
74,test
76,test
79,test
87,test
91,test
92,test
94,test
95,test
98,test
100,test
105,test
109,test
122,test
129,test
131,test
136,test
140,test
156,test
159,test
163,test
170,test
171,test
174,test
175,test
176,test
178,test
182,test
187,test
208,test
216,test
226,test
229,test
233,test
238,test
240,test
244,test
247,test
251,test
270,test
271,test
276,test
278,test
279,test
282,test
287,test
294,test
327,test
334,test
337,test
342,test
350,test
359,test
360,test
364,test
375,test
377,test
379,test
383,test
387,test
390,test
392,test
394,test
396,test
403,test
404,test
410,test
414,test
417,test
427,test
428,test
429,test
434,test
435,test
437,test
439,test
440,test
444,test
450,test
451,test
452,test
466,test
467,test
470,test
474,test
477,test
480,test
481,test
482,test
484,test
485,test
487,test
489,test
492,test
497,test
500,test
505,test
506,test
511,test
523,test
540,test
544,test
547,test
553,test
555,test
558,test
560,test
563,test
566,test
572,test
581,test
590,test
592,test
597,test
613,test
618,test
624,test
633,test
637,test
647,test
657,test
678,test
682,test
686,test
688,test
690,test
691,test
701,test
707,test
712,test
713,test
720,test
723,test
730,test
735,test
738,test
744,test
747,test
752,test
756,test
759,test
766,test
767,test
770,test
785,test
787,test
788,test
798,test
807,test
815,test
825,test
828,test
835,test
838,test
843,test
844,test
850,test
857,test
861,test
874,test
891,test
897,test
904,test
906,test
907,test
913,test
914,test
927,test
932,test
934,test
944,test
966,test
972,test
973,test
976,test
981,test
987,test
995,test
998,test
1004,test
1005,test
1009,test
1010,test
1020,test
1021,test
1030,test
1032,test
1037,test
1039,test
1061,test
1065,test
1067,test
1068,test
1069,test
1082,test
1085,test
1088,test
1094,test
1098,test
1100,test
1101,test
1107,test
1109,test
1118,test
1125,test
1128,test
1132,test
1134,test
1139,test
1156,test
1161,test
1167,test
1176,test
1182,test
1184,test
1186,test
1189,test
1195,test
1201,test
1206,test
1207,test
1209,test
1212,test
1218,test
1220,test
1227,test
1232,test
1235,test
1236,test
1238,test
1244,test
1249,test
1250,test
1252,test
1260,test
1266,test
1271,test
1273,test
1274,test
1277,test
1279,test
1282,test
1290,test
1311,test
1318,test
1321,test
1322,test
1334,test
1341,test
1342,test
1353,test
1355,test
1362,test
1367,test
1370,test
1372,test
1380,test
1387,test
1402,test
1404,test
1405,test
1407,test
1409,test
1411,test
1414,test
1415,test
1416,test
1420,test
1430,test
1431,test
1434,test
1441,test
1451,test
1455,test
1469,test
1472,test
1476,test
1478,test
1479,test
1481,test
1486,test
1494,test
1503,test
1512,test
1513,test
1524,test
1532,test
1544,test
1546,test
1551,test
1552,test
1557,test
1566,test
1571,test
1574,test
1576,test
1587,test
1594,test
1595,test
1601,test
1603,test
1607,test
1627,test
1629,test
1632,test
1633,test
1635,test
1642,test
1655,test
1658,test
1659,test
1662,test
1672,test
1692,test
1706,test
1708,test
1709,test
1721,test
1740,test
1743,test
1747,test
1752,test
1753,test
1754,test
1755,test
1758,test
1770,test
1774,test
1777,test
1778,test
1781,test
1783,test
1784,test
1786,test
1788,test
1795,test
1798,test
1799,test
1803,test
1805,test
1807,test
1812,test
1815,test
1825,test
1837,test
1838,test
1841,test
1844,test
1846,test
1855,test
1860,test
1862,test
1866,test
1872,test
1874,test
1883,test
1889,test
1895,test
1901,test
1904,test
1905,test
1907,test
1912,test
1936,test
1941,test
1959,test
1963,test
1966,test
1970,test
1974,test
1976,test
1986,test
1995,test
1998,test
2012,test
2015,test
2016,test
2018,test
2027,test
2035,test
2037,test
2040,test
2044,test
2046,test
2047,test
2049,test
2050,test
2053,test
2057,test
2064,test
2074,test
2077,test
2078,test
2088,test
2091,test
2101,test
2108,test
2118,test
2119,test
2122,test
2127,test
2130,test
2138,test
2139,test
2142,test
2144,test
2147,test
2151,test
2155,test
2157,test
2162,test
2164,test
2167,test
2168,test
2190,test
2191,test
2195,test
2196,test
2198,test
2199,test
2204,test
2215,test
2224,test
2227,test
2237,test
2239,test
2254,test
2269,test
2273,test
2277,test
2278,test
2279,test
2282,test
2289,test
2293,test
2300,test
2305,test
2307,test
2313,test
2318,test
2324,test
2329,test
2330,test
2344,test
2353,test
2354,test
2364,test
2365,test
2372,test
2374,test
2385,test
2392,test
2393,test
2397,test
2403,test
2407,test
2418,test
2422,test
2435,test
2436,test
2437,test
2443,test
2444,test
2447,test
2449,test
2450,test
2453,test
2458,test
2462,test
2463,test
2464,test
2465,test
2470,test
2475,test
2493,test
2496,test
2500,test
2501,test
2503,test
2504,test
2518,test
2526,test
2531,test
2532,test
2537,test
2540,test
2541,test
2573,test
2574,test
2578,test
2582,test
2586,test
2596,test
2607,test
2612,test
2616,test
2619,test
2621,test
2624,test
2627,test
2634,test
2640,test
2645,test
2648,test
2649,test
2650,test
2661,test
2665,test
2674,test
2678,test
2681,test
2683,test
2684,test
2708,test
2714,test
2725,test
2727,test
2732,test
2734,test
2735,test
2741,test
2745,test
2748,test
2749,test
2751,test
2752,test
2755,test
2760,test
2769,test
2772,test
2779,test
2789,test
2790,test
2799,test
2801,test
2805,test
2806,test
2807,test
2816,test
2826,test
2827,test
2834,test
2840,test
2844,test
2850,test
2851,test
2852,test
2854,test
2868,test
2870,test
2871,test
2873,test
2885,test
2888,test
2892,test
2899,test
2902,test
2916,test
2917,test
2927,test
2929,test
2932,test
2933,test
2934,test
2940,test
2943,test
2944,test
2945,test
2947,test
2948,test
2955,test
2965,test
2968,test
2971,test
2977,test
2980,test
2984,test
2985,test
2989,test
2991,test
2993,test
2995,test
3000,test
3019,test
3025,test
3033,test
3040,test
3044,test
3050,test
3065,test
3071,test
3072,test
3073,test
3075,test
3077,test
3082,test
3094,test
3095,test
3112,test
3118,test
3121,test
3126,test
3131,test
3143,test
3146,test
3150,test
3157,test
3164,test
3170,test
3171,test
3187,test
3191,test
3196,test
3204,test
3205,test
3208,test
3213,test
3218,test
3220,test
3223,test
3235,test
3238,test
3241,test
3249,test
3254,test
3264,test
3265,test
3270,test
3271,test
3277,test
3278,test
3280,test
3286,test
3291,test
3300,test
3310,test
3320,test
3324,test
3327,test
3328,test
3338,test
3339,test
3352,test
3358,test
3360,test
3361,test
3367,test
3372,test
3373,test
3383,test
3387,test
3392,test
3402,test
3408,test
3410,test
3413,test
3414,test
3420,test
3422,test
3429,test
3432,test
3439,test
3440,test
3447,test
3452,test
3454,test
3460,test
3465,test
3470,test
3474,test
3478,test
3479,test
3488,test
3492,test
3495,test
3508,test
3509,test
3511,test
3515,test
3522,test
3532,test
3538,test
3539,test
3550,test
3558,test
3560,test
3564,test
3565,test
3566,test
3567,test
3573,test
3581,test
3585,test
3586,test
3589,test
3591,test
3596,test
3597,test
3602,test
3606,test
3607,test
3613,test
3622,test
3631,test
3637,test
3639,test
3640,test
3652,test
3653,test
3660,test
3670,test
3673,test
3678,test
3686,test
3687,test
3690,test
3693,test
3700,test
3705,test
3715,test
3719,test
3724,test
3729,test
3734,test
3736,test
3756,test
3759,test
3762,test
3768,test
3776,test
3784,test
3791,test
3804,test
3818,test
3823,test
3834,test
3846,test
3850,test
3852,test
3857,test
3859,test
3863,test
3864,test
3868,test
3872,test
3881,test
3882,test
3886,test
3891,test
3898,test
3906,test
3919,test
3921,test
3924,test
3926,test
3929,test
3933,test
3938,test
3940,test
3942,test
3944,test
3947,test
3952,test
3955,test
3956,test
3959,test
3965,test
3970,test
3979,test
3982,test
3987,test
3992,test
3993,test
4006,test
4017,test
4021,test
4027,test
4031,test
4035,test
4039,test
4049,test
4058,test
4073,test
4084,test
4086,test
4087,test
4091,test
4097,test
4100,test
4101,test
4102,test
4106,test
4108,test
4113,test
4118,test
4121,test
4124,test
4125,test
4135,test
4143,test
4144,test
4145,test
4148,test
4150,test
4151,test
4152,test
4153,test
4161,test
4163,test
4172,test
4175,test
4176,test
4179,test
4182,test
4189,test
4192,test
4194,test
4200,test
4207,test
4211,test
4214,test
4215,test
4217,test
4231,test
4232,test
4238,test
4243,test
4246,test
4258,test
4269,test
4271,test
4278,test
4281,test
4286,test
4290,test
4297,test
4299,test
4310,test
4315,test
4320,test
4328,test
4337,test
4350,test
4355,test
4360,test
4365,test
4370,test
4371,test
4376,test
4377,test
4398,test
4400,test
4401,test
4418,test
4426,test
4434,test
4438,test
4441,test
4453,test
4454,test
4460,test
4462,test
4470,test
4476,test
4477,test
4479,test
4486,test
4488,test
4489,test
4492,test
4493,test
4501,test
4510,test
4511,test
4516,test
4517,test
4521,test
4522,test
4524,test
4529,test
4536,test
4539,test
4540,test
4541,test
4542,test
4546,test
4547,test
4550,test
4555,test
4556,test
4570,test
4580,test
4582,test
4585,test
4599,test
4600,test
4601,test
4604,test
4609,test
4618,test
4619,test
4622,test
4624,test
4625,test
4626,test
4632,test
4635,test
4641,test
4642,test
4655,test
4657,test
4660,test
4668,test
4672,test
4678,test
4679,test
4680,test
4684,test
4688,test
4689,test
4690,test
4692,test
4695,test
4699,test
4702,test
4708,test
4711,test
4713,test
4716,test
4717,test
4718,test
4722,test
4727,test
4729,test
4730,test
4735,test
4739,test
4752,test
4753,test
4758,test
4770,test
4773,test
4775,test
4780,test
4782,test
4790,test
4800,test
4807,test
4814,test
4818,test
4826,test
4838,test
4841,test
4842,test
4845,test
4856,test
4863,test
4866,test
4869,test
4870,test
4871,test
4874,test
4875,test
4877,test
4912,test
4913,test
4921,test
4925,test
4926,test
4927,test
